{"cameraMode":{"drawMode":0,"name":"Shaded","section":"Shading Mode"},"sceneLighting":false,"audioPlay":false,"sceneViewState":{"m_AlwaysRefresh":false,"showFog":true,"showSkybox":false,"showFlares":true,"showImageEffects":true,"showParticleSystems":true,"showVisualEffectGraphs":true,"m_FxEnabled":true},"in2DMode":false,"pivot":{"x":0.0002499818801879883,"y":1.000249981880188,"z":0.0002499818801879883},"rotation":{"x":-0.007332823239266872,"y":0.9926550984382629,"z":-0.09048154950141907,"w":-0.08058048039674759},"size":1.4801239967346192,"orthographic":true}