{"cameraMode":{"drawMode":0,"name":"Shaded","section":"Shading Mode"},"sceneLighting":false,"audioPlay":false,"sceneViewState":{"m_AlwaysRefresh":false,"showFog":true,"showSkybox":false,"showFlares":true,"showImageEffects":true,"showParticleSystems":true,"showVisualEffectGraphs":true,"m_FxEnabled":true},"in2DMode":false,"pivot":{"x":-1.1920928955078126e-7,"y":-2.384185791015625e-7,"z":0.0615430548787117},"rotation":{"x":-0.0004480367642827332,"y":0.9979369640350342,"z":-0.06415478885173798,"w":-0.006885860115289688},"size":0.5179747343063355,"orthographic":true}