{"cameraMode":{"drawMode":0,"name":"Shaded","section":"Shading Mode"},"sceneLighting":false,"audioPlay":false,"sceneViewState":{"m_AlwaysRefresh":false,"showFog":true,"showSkybox":false,"showFlares":true,"showImageEffects":true,"showParticleSystems":true,"showVisualEffectGraphs":true,"m_FxEnabled":true},"in2DMode":false,"pivot":{"x":-0.07034516334533692,"y":0.8740025758743286,"z":0.3408837616443634},"rotation":{"x":0.0006700311205349863,"y":-0.9990383982658386,"z":0.03959767520427704,"w":0.023952724412083627},"size":1.7655261754989625,"orthographic":true}