{"cameraMode":{"drawMode":0,"name":"Shaded","section":"Shading Mode"},"sceneLighting":true,"audioPlay":false,"sceneViewState":{"m_AlwaysRefresh":false,"showFog":true,"showSkybox":false,"showFlares":true,"showImageEffects":true,"showParticleSystems":true,"showVisualEffectGraphs":true,"m_FxEnabled":false},"in2DMode":false,"pivot":{"x":16.693695068359376,"y":-7.807355880737305,"z":-27.329776763916017},"rotation":{"x":0.036069031804800037,"y":0.9177252650260925,"z":-0.3862857222557068,"w":0.08564340323209763},"size":26.241968154907228,"orthographic":false}