{"cameraMode":{"drawMode":0,"name":"Shaded","section":"Shading Mode"},"sceneLighting":false,"audioPlay":false,"sceneViewState":{"m_AlwaysRefresh":false,"showFog":true,"showSkybox":false,"showFlares":true,"showImageEffects":true,"showParticleSystems":true,"showVisualEffectGraphs":true,"m_FxEnabled":true},"in2DMode":false,"pivot":{"x":4.620018005371094,"y":2.8199968338012697,"z":5.68006706237793},"rotation":{"x":0.000782263814471662,"y":0.9927721619606018,"z":-0.12031993269920349,"w":0.005078800488263369},"size":12.12435531616211,"orthographic":true}